{ "height":31,
 "layers":[
        {
         "data":[1, 2, 2, 2, 2, 2, 2, 2, 2, 2, 2, 2, 2, 2, 2, 2, 2, 2, 2, 2, 2, 2, 2, 2, 2, 2, 2, 5, 6, 51, 7, 7, 7, 7, 7, 7, 7, 7, 7, 7, 7, 7, 7, 7, 7, 7, 7, 7, 7, 7, 7, 7, 7, 7, 7, 10, 6, 7, 19, 18, 7, 19, 18, 7, 19, 16, 16, 16, 16, 16, 16, 16, 16, 16, 16, 18, 7, 19, 18, 7, 19, 18, 7, 10, 6, 7, 9, 8, 7, 9, 8, 7, 9, 11, 12, 12, 12, 12, 12, 12, 12, 12, 13, 8, 7, 9, 8, 7, 9, 8, 7, 10, 6, 7, 9, 8, 7, 9, 8, 7, 9, 8, 50, 7, 7, 7, 7, 7, 7, 50, 9, 8, 7, 9, 8, 7, 9, 8, 7, 10, 6, 7, 9, 8, 7, 9, 8, 7, 9, 8, 7, 19, 16, 16, 16, 16, 18, 7, 9, 8, 7, 9, 8, 7, 9, 8, 7, 10, 6, 7, 9, 8, 7, 9, 8, 7, 9, 8, 7, 9, 14, 14, 14, 14, 8, 7, 9, 8, 7, 9, 8, 7, 9, 8, 7, 10, 6, 7, 9, 8, 49, 9, 8, 7, 22, 23, 7, 22, 12, 12, 12, 12, 23, 7, 22, 23, 7, 9, 8, 49, 9, 8, 7, 10, 6, 7, 9, 15, 16, 17, 8, 7, 7, 7, 7, 7, 7, 51, 51, 7, 7, 7, 7, 7, 7, 9, 15, 16, 17, 8, 7, 10, 6, 7, 22, 12, 12, 12, 23, 7, 11, 12, 12, 12, 12, 12, 12, 12, 12, 12, 12, 13, 7, 22, 12, 12, 12, 23, 7, 10, 6, 7, 7, 7, 7, 7, 7, 7, 15, 16, 16, 16, 16, 16, 16, 16, 16, 16, 16, 17, 7, 7, 7, 7, 7, 7, 7, 10, 2, 2, 2, 2, 2, 2, 2, 7, 14, 14, 14, 14, 14, 14, 14, 14, 14, 14, 14, 14, 7, 25, 28, 7, 25, 28, 7, 10, 14, 14, 49, 7, 7, 7, 7, 7, 25, 21, 21, 21, 26, 14, 14, 27, 21, 21, 21, 28, 7, 29, 30, 7, 29, 30, 7, 10, 21, 21, 21, 21, 21, 21, 21, 7, 10, 14, 14, 14, 14, 14, 14, 14, 14, 14, 14, 6, 7, 7, 7, 7, 7, 7, 7, 10, 6, 7, 7, 7, 7, 7, 7, 7, 10, 14, 14, 14, 14, 14, 14, 14, 14, 14, 14, 6, 7, 25, 28, 7, 25, 28, 7, 10, 6, 7, 11, 12, 12, 12, 13, 7, 29, 2, 2, 2, 2, 2, 2, 2, 2, 2, 2, 30, 7, 29, 30, 7, 29, 30, 7, 10, 6, 7, 15, 16, 16, 16, 17, 7, 7, 7, 7, 7, 7, 7, 7, 7, 7, 7, 7, 7, 7, 7, 7, 7, 7, 7, 7, 10, 6, 7, 7, 7, 7, 7, 7, 7, 11, 12, 12, 12, 12, 12, 12, 12, 12, 12, 12, 12, 12, 12, 12, 12, 12, 13, 7, 10, 6, 7, 11, 12, 12, 12, 12, 12, 23, 19, 16, 16, 16, 16, 16, 16, 16, 16, 16, 16, 16, 16, 16, 16, 16, 17, 7, 10, 6, 7, 15, 16, 16, 16, 16, 16, 16, 17, 7, 7, 7, 7, 7, 7, 7, 7, 7, 7, 7, 7, 7, 7, 7, 7, 7, 10, 6, 7, 7, 7, 50, 7, 7, 7, 7, 7, 7, 19, 16, 16, 16, 16, 16, 16, 16, 18, 7, 2, 2, 2, 2, 2, 2, 2, 6, 7, 19, 18, 7, 19, 18, 7, 19, 16, 16, 17, 14, 14, 14, 14, 14, 14, 14, 8, 7, 7, 7, 7, 7, 50, 14, 14, 6, 7, 9, 8, 7, 9, 8, 7, 9, 14, 14, 11, 12, 12, 12, 12, 12, 12, 12, 23, 7, 21, 21, 21, 21, 21, 21, 21, 6, 7, 9, 8, 7, 9, 8, 7, 9, 14, 14, 8, 49, 7, 7, 51, 7, 7, 7, 7, 7, 7, 7, 7, 7, 7, 7, 10, 6, 7, 9, 8, 7, 9, 8, 7, 22, 12, 12, 23, 7, 25, 28, 7, 19, 16, 18, 7, 19, 16, 16, 16, 16, 18, 7, 10, 6, 7, 9, 8, 7, 9, 8, 7, 7, 7, 7, 7, 7, 29, 30, 7, 9, 14, 8, 7, 9, 11, 12, 12, 12, 23, 7, 10, 6, 7, 9, 8, 49, 9, 8, 7, 11, 12, 12, 13, 7, 50, 50, 7, 9, 14, 8, 7, 9, 8, 51, 7, 7, 7, 7, 10, 6, 7, 9, 15, 16, 17, 8, 7, 8, 14, 14, 9, 7, 25, 28, 7, 9, 14, 8, 7, 9, 15, 16, 16, 16, 18, 7, 10, 6, 7, 22, 12, 12, 12, 23, 7, 15, 16, 16, 17, 7, 29, 30, 7, 22, 12, 23, 7, 22, 12, 12, 12, 12, 23, 7, 10, 6, 7, 7, 51, 7, 7, 7, 7, 7, 7, 7, 7, 7, 7, 7, 7, 7, 7, 7, 7, 7, 7, 7, 7, 7, 7, 7, 10, 20, 21, 21, 21, 21, 21, 21, 21, 21, 21, 21, 21, 21, 21, 21, 21, 21, 21, 21, 21, 21, 21, 21, 21, 21, 21, 21, 24],
         "height":31,
         "name":"Pacman",
         "opacity":1,
         "type":"tilelayer",
         "visible":true,
         "width":28,
         "x":0,
         "y":0
        }],
 "nextobjectid":1,
 "orientation":"orthogonal",
 "renderorder":"right-down",
 "tiledversion":"1.0.3",
 "tileheight":16,
 "tilesets":[
        {
         "columns":16,
         "firstgid":1,
         "image":"pacman-master\/assets\/pacman-tiles.png",
         "imageheight":48,
         "imagewidth":256,
         "margin":0,
         "name":"pacman-tiles",
         "spacing":0,
         "tilecount":48,
         "tileheight":16,
         "tilewidth":16
        }, 
        {
         "columns":1,
         "firstgid":49,
         "image":"pacman-master\/assets\/blackberry.png",
         "imageheight":16,
         "imagewidth":16,
         "margin":0,
         "name":"blackberry",
         "spacing":0,
         "tilecount":1,
         "tileheight":16,
         "tilewidth":16
        }, 
        {
         "columns":1,
         "firstgid":50,
         "image":"pacman-master\/assets\/cherry.png",
         "imageheight":16,
         "imagewidth":16,
         "margin":0,
         "name":"cherry",
         "spacing":0,
         "tilecount":1,
         "tileheight":16,
         "tilewidth":16
        }, 
        {
         "columns":1,
         "firstgid":51,
         "image":"pacman-master\/assets\/kiwi.png",
         "imageheight":16,
         "imagewidth":16,
         "margin":0,
         "name":"kiwi",
         "spacing":0,
         "tilecount":1,
         "tileheight":16,
         "tilewidth":16
        }],
 "tilewidth":16,
 "type":"map",
 "version":1,
 "width":28
}
